{"train/steps":40000,"train/episodes":3207.1408996593977,"_runtime":16812.408895699,"train/loss":0.053118497263640166,"train/epochs":50.11157655717809,"train/kld_loss":6.48382119834423e-05,"train/lr":1.0000000000000021e-05,"_wandb":{"runtime":16812},"train/grad_norm":3.995034769773483,"train/update_s":0.3785627319896594,"train/dataloading_s":0.05295397844631225,"train/l1_loss":0.049469053745269775,"_step":40000,"_timestamp":1.7650666337198083e+09,"train/samples":2560000}