{"train/kld_loss":0.00027197692543268204,"train/dataloading_s":0.1377629744121805,"train/l1_loss":0.04301682114601135,"train/lr":1.0000000000000021e-05,"_step":20000,"train/grad_norm":4.873192069530487,"_runtime":10172.800022412,"train/loss":0.04152708146721125,"_timestamp":1.7650247285110898e+09,"train/update_s":0.37439331917092206,"train/samples":1280000,"train/epochs":368.87608069164264,"train/episodes":3688.7608069164266,"train/steps":20000,"_wandb":{"runtime":10172}}